{
  "collapse-filter": false,
  "search": "",
  "showTags": true,
  "showAttachments": false,
  "hideUnresolved": false,
  "showOrphans": true,
  "collapse-color-groups": false,
  "colorGroups": [
    {
      "query": "path:\"Produtos 5.0\"  ",
      "color": {
        "a": 1,
        "rgb": 14701138
      }
    },
    {
      "query": "path:\"Produtos 3.0\"  ",
      "color": {
        "a": 1,
        "rgb": 14725458
      }
    },
    {
      "query": "path:\"Produtos 2.0\"  ",
      "color": {
        "a": 1,
        "rgb": 6443744
      }
    },
    {
      "query": "path:\"Produtos 4.0\"  ",
      "color": {
        "a": 1,
        "rgb": 5431378
      }
    },
    {
      "query": "path:\"Testes de Sensores\"  ",
      "color": {
        "a": 1,
        "rgb": 5431473
      }
    },
    {
      "query": "path: \"Produtos 1.0\"  ",
      "color": {
        "a": 1,
        "rgb": 5419488
      }
    },
    {
      "query": "path:Apresentacao  ",
      "color": {
        "a": 1,
        "rgb": 13688914
      }
    }
  ],
  "collapse-display": false,
  "showArrow": true,
  "textFadeMultiplier": 0,
  "nodeSizeMultiplier": 1.12083333333333,
  "lineSizeMultiplier": 2.4734375,
  "collapse-forces": false,
  "centerStrength": 0.265625,
  "repelStrength": 10.5208333333333,
  "linkStrength": 1,
  "linkDistance": 326,
  "scale": 0.5087618855792637,
  "close": false
}