{
  "main": {
    "id": "11ffaf03397a1177",
    "type": "split",
    "children": [
      {
        "id": "5d1ccc9578925a45",
        "type": "tabs",
        "children": [
          {
            "id": "7818db90f7a447a2",
            "type": "leaf",
            "state": {
              "type": "graph",
              "state": {},
              "icon": "lucide-git-fork",
              "title": "Graph view"
            }
          }
        ]
      }
    ],
    "direction": "vertical"
  },
  "left": {
    "id": "9b7310e8f101c04b",
    "type": "split",
    "children": [
      {
        "id": "ed9496e9f1a635ca",
        "type": "tabs",
        "children": [
          {
            "id": "f11596064d5a6b1b",
            "type": "leaf",
            "state": {
              "type": "file-explorer",
              "state": {
                "sortOrder": "alphabetical",
                "autoReveal": false
              },
              "icon": "lucide-folder-closed",
              "title": "Files"
            }
          },
          {
            "id": "7442e2fb07bf5325",
            "type": "leaf",
            "state": {
              "type": "search",
              "state": {
                "query": "tag:#1e90ff",
                "matchingCase": false,
                "explainSearch": false,
                "collapseAll": false,
                "extraContext": false,
                "sortOrder": "alphabetical"
              },
              "icon": "lucide-search",
              "title": "Search"
            }
          },
          {
            "id": "4bf92c898cf11e1f",
            "type": "leaf",
            "state": {
              "type": "bookmarks",
              "state": {},
              "icon": "lucide-bookmark",
              "title": "Bookmarks"
            }
          }
        ]
      }
    ],
    "direction": "horizontal",
    "width": 300
  },
  "right": {
    "id": "0a6b54f94b1155e8",
    "type": "split",
    "children": [
      {
        "id": "77bbb9c7d80fac80",
        "type": "tabs",
        "children": [
          {
            "id": "8a049bb2171f2f8f",
            "type": "leaf",
            "state": {
              "type": "backlink",
              "state": {
                "collapseAll": false,
                "extraContext": false,
                "sortOrder": "alphabetical",
                "showSearch": false,
                "searchQuery": "",
                "backlinkCollapsed": false,
                "unlinkedCollapsed": true
              },
              "icon": "links-coming-in",
              "title": "Backlinks"
            }
          },
          {
            "id": "e59c93efe59bab17",
            "type": "leaf",
            "state": {
              "type": "outgoing-link",
              "state": {
                "linksCollapsed": false,
                "unlinkedCollapsed": true
              },
              "icon": "links-going-out",
              "title": "Outgoing links"
            }
          },
          {
            "id": "7aa7d6c6b4d849eb",
            "type": "leaf",
            "state": {
              "type": "tag",
              "state": {
                "sortOrder": "alphabetical",
                "useHierarchy": true,
                "showSearch": false,
                "searchQuery": ""
              },
              "icon": "lucide-tags",
              "title": "Tags"
            }
          },
          {
            "id": "47d3abcec07687de",
            "type": "leaf",
            "state": {
              "type": "outline",
              "state": {
                "followCursor": false,
                "showSearch": false,
                "searchQuery": ""
              },
              "icon": "lucide-list",
              "title": "Outline"
            }
          },
          {
            "id": "dba3ca38706625df",
            "type": "leaf",
            "state": {
              "type": "git-view",
              "state": {},
              "icon": "git-pull-request",
              "title": "Source Control"
            }
          }
        ],
        "currentTab": 2
      }
    ],
    "direction": "horizontal",
    "width": 485.5
  },
  "left-ribbon": {
    "hiddenItems": {
      "switcher:Open quick switcher": false,
      "graph:Open graph view": false,
      "canvas:Create new canvas": false,
      "daily-notes:Open today's daily note": false,
      "templates:Insert template": false,
      "command-palette:Open command palette": false,
      "obsidian-git:Open Git source control": false
    }
  },
  "active": "7818db90f7a447a2",
  "lastOpenFiles": [
    "Apresentacao/MicroIsolador.md",
    "Produtos 1.0/Controle Humidade.md",
    "Apresentacao/Resistor_1751447583.pdf",
    "Produtos 1.0/Monitoramento Temperatura, Luminosidade e Humidade.md",
    "Produtos 1.0/Monitoramento de Comida.md",
    "Produtos 1.0/Controle Temperatura.md",
    "Produtos 1.0/Controle Luminosidade.md",
    "Produtos 4.0/ERP 4.0.md",
    "Produtos 5.0/Desenvolvimento da parte do wfi.md",
    "Produtos 5.0/Notas Referentes ao desenvolvimento do projeto.md",
    "Diagram.svg",
    "Produtos 5.0/Smart Vivarium 5.0.md",
    "Apresentacao",
    "Produtos 2.0/SCADA 2.0.md",
    "Produtos 3.0/MES 3.0.md",
    "Diagram.svg.xml",
    "Produtos 1.0/Monitoramento de Peso.md",
    "Produtos 1.0/Monitoramento de Agua.md",
    "Produtos 1.0",
    "Diagram 1.svg",
    "Diagram 1.svg.xml",
    "Testes de Sensores/Desenvolvimento de testes dos sensores de monitoramento.md",
    "Testes de Sensores",
    "2025-05-31.md",
    "Produtos 2.0",
    "Produtos 3.0",
    "Untitled 3.md",
    "Produtos 4.0",
    "Produtos 5.0",
    "Lab Rat 4.0/Untitled.md",
    "Lab Rat 4.0/Untitled 1.md",
    "Lab Rat 4.0/Lab Rat 4.0.md",
    "Welcome.md",
    "Lab Rat 4.0/Untitled 2.md"
  ]
}